epoch,train_loss,val_loss,val_acc,val_mean_recall,lr,sec
1,1.2691872282207293,0.9344541430473328,0.6207492795389049,0.7142374899101595,0.0001,73.14061498641968
2,0.9330762554782097,0.8596034049987793,0.624207492795389,0.7284915504069558,0.0001,60.32248115539551
3,0.8345061882001134,0.947803795337677,0.700864553314121,0.7110064223756601,0.0001,60.4542453289032
4,0.7573256798333405,0.7720016837120056,0.7187319884726224,0.7410777614123836,0.0001,60.17572331428528
5,0.717937170199945,0.9192854166030884,0.7014409221902017,0.6971928942941352,0.0001,61.25861358642578
6,0.643580221654104,0.8204757571220398,0.6720461095100865,0.7572262673243823,0.0001,60.85506081581116
7,0.6530498555848296,0.7960342168807983,0.6806916426512968,0.7060011969486039,0.0001,60.79989576339722
8,0.5948564748808811,0.7351387739181519,0.7146974063400576,0.7151954581364633,0.0001,61.0322380065918
9,0.5989037687090081,0.7585277557373047,0.6829971181556196,0.7352928859413534,0.0001,60.83477210998535
10,0.5506412699608736,0.6304066777229309,0.7170028818443804,0.7937248431017823,0.0001,61.00682044029236
11,0.5473147536247549,0.6196943521499634,0.7446685878962536,0.8058863621270113,0.0001,61.00131845474243
12,0.5326620836353078,0.5910933613777161,0.6893371757925072,0.820263528677312,0.0001,60.939481258392334
13,0.5485781269244185,0.8542912602424622,0.562536023054755,0.7135596569499076,0.0001,60.94282841682434
14,0.5161584381346411,0.8446913957595825,0.7129682997118155,0.7186221333791298,0.0001,60.804641246795654
15,0.4356377763857304,0.8026254773139954,0.7550432276657061,0.7669866876183711,0.0001,60.92803335189819
16,0.4901995353855437,0.6762257218360901,0.8005763688760807,0.7819024581255475,0.0001,61.223543643951416
17,0.37770171173161743,0.5480830669403076,0.7884726224783861,0.8206245683148135,1e-05,60.85270977020264
18,0.3300267044507282,0.5240456461906433,0.7953890489913544,0.8121626366466674,1e-05,60.50124382972717
19,0.33306980468857456,0.5294708013534546,0.7786743515850144,0.8361465521055739,1e-05,61.056214332580566
20,0.28998364483666533,0.5256308317184448,0.8040345821325648,0.8470640313965588,1e-05,61.19735097885132
21,0.2910823917165049,0.516602098941803,0.8034582132564841,0.8300665342019659,1e-05,61.12093138694763
22,0.2872244633314475,0.5204285979270935,0.8172910662824208,0.8477308753827723,1e-05,60.97144651412964
23,0.2712745772141246,0.506130576133728,0.7884726224783861,0.8435028551530118,1e-05,61.418832302093506
24,0.26713048946549633,0.4964980185031891,0.7994236311239193,0.8544710804984913,1e-05,61.07254409790039
25,0.2515856448578443,0.5091025829315186,0.8034582132564841,0.8331320094029355,1e-05,61.20239305496216
26,0.255550881296816,0.49836161732673645,0.8046109510086455,0.8329810503066719,1e-05,61.32462549209595
27,0.24892244286870172,0.5179905295372009,0.801729106628242,0.8293878265548187,1e-05,61.21560096740723
28,0.2337625831050772,0.535980761051178,0.8011527377521613,0.819926291355847,1e-05,61.127026319503784
29,0.23945063294869073,0.5319867730140686,0.7994236311239193,0.8246004643972265,1.0000000000000002e-06,60.890820264816284
30,0.23879100471525125,0.5335280299186707,0.7942363112391931,0.8229049087266798,1.0000000000000002e-06,61.321974754333496
31,0.23571760874643852,0.5237026810646057,0.8028818443804034,0.8134386363960202,1.0000000000000002e-06,61.18983483314514
32,0.23013243147395027,0.5366753339767456,0.7976945244956772,0.8216364083942473,1.0000000000000002e-06,61.210145235061646
33,0.20983936020256208,0.508025050163269,0.801729106628242,0.8363391642133158,1.0000000000000002e-07,61.568589210510254
34,0.21153695159045183,0.5198915600776672,0.801729106628242,0.8316184843711735,1.0000000000000002e-07,61.41285991668701